id,name
1,Wildflower Meadow Campground
2,Pinecone Forest Retreat
3,Cedar Grove Campsite
4,Bluebird Haven Campground
5,Fern Grove Retreat
6,Bear Hollow Campground
7,Riverbank Retreat
8,Sunrise Ridge Campsite
9,Whispering Pines Campground
10,Sycamore Bend Campsite
11,Mossy Creek Retreat
12,Redwood Forest Campground
13,Sunset Bay Campsite
14,Coyote Ridge Campground
15,Mountain View Retreat
16,Blackberry Ridge Campsite
17,Aspen Grove Campground
18,Otter Creek Retreat
19,Eagle's Nest Campsite
20,Firefly Meadows Campground
21,Maple Leaf Retreat
22,Forest Edge Campsite
23,Beaver Dam Campground
24,Rolling Hills Retreat
25,Honeysuckle Campsite
26,Rustic Oaks Campground
27,Lakeview Retreat
28,Whispering Woods Campsite